<Ui xsi:schemaLocation="http://www.blizzard.com/wow/ui/
..\FrameXML\UI.xsd">
    <Script file="LibStub\LibStub.lua" />
    <Include file="CallbackHandler-1.0\CallbackHandler-1.0.xml" />
    <Include file="AceAddon-3.0\AceAddon-3.0.xml" />
    <Include file="AceEvent-3.0\AceEvent-3.0.xml" />
    <Include file="AceTimer-3.0\AceTimer-3.0.xml" />
    <Include file="AceHook-3.0\AceHook-3.0.xml" />
    <Include file="AceDB-3.0\AceDB-3.0.xml" />
    <Include file="AceLocale-3.0\AceLocale-3.0.xml" />
    <Include file="AceSerializer-3.0\AceSerializer-3.0.xml" />
    <Include file="AceGUI-3.0\AceGUI-3.0.xml" />
    <Include file="AceConfig-3.0\AceConfig-3.0.xml" />

    <Script file="LibDataBroker-1.1\LibDataBroker-1.1.lua" />
    <Script file="LibDBIcon-1.0\LibDBIcon-1.0.lua" />

    <Include file="LibBase64-1.0\lib.xml" />
    <Include file="LibCRC32-1.0\LibCRC32-1.0.xml" />

    <Include file="tdGUI\Load.xml" />
</Ui>
