<Ui xsi:schemaLocation="http://www.blizzard.com/wow/ui/
..\FrameXML\UI.xsd">
    <Script file="Addon.lua" />
    <Script file="Stack.lua" />
    <Script file="Util.lua" />
    <Script file="Action.lua" />
    <Script file="Condition.lua" />
    <Script file="Manager\ScriptManager.lua" />
    <Script file="Manager\PluginManager.lua" />
    <Script file="Manager\BattleCacheManager.lua" />
    <Script file="Prototype\Plugin.lua" />
    <Script file="Prototype\BattleCache.lua" />
    <Script file="Director.lua" />
    <Script file="Script.lua" />
    <Script file="Share.lua" />
</Ui>
